filename,width,height,class,xmin,ymin,xmax,ymax
aug_1.jpg,3648,2736,Red,396,1132,1305,1576
aug_1.jpg,3648,2736,Blue,2514,1226,3487,1673
aug_10.jpg,3648,2736,Yellow,1855,767,2678,1429
aug_101.jpg,3648,2736,White,228,1249,993,1894
aug_101.jpg,3648,2736,Yellow,1693,197,2570,961
aug_102.jpg,3648,2736,White,661,1352,1784,2220
aug_102.jpg,3648,2736,Red,2064,1044,3158,1747
aug_103.jpg,3648,2736,Blue,811,1479,1581,2241
aug_103.jpg,3648,2736,Red,1896,541,2520,1126
aug_104.jpg,3648,2736,Yellow,1599,632,2314,1508
aug_105.jpg,3648,2736,Red,2111,1347,2658,2123
aug_106.jpg,3648,2736,Blue,211,1382,1164,1932
aug_106.jpg,3648,2736,Red,2343,897,3234,1426
aug_107.jpg,3648,2736,Red,1387,864,1908,1447
aug_109.jpg,3648,2736,Blue,1922,549,2581,979
aug_109.jpg,3648,2736,Green,1420,1755,2193,2305
aug_11.jpg,3648,2736,Yellow,1087,999,2393,1747
aug_110.jpg,3648,2736,Green,1246,1702,1720,1867
aug_110.jpg,3648,2736,Yellow,1802,1623,2246,1820
aug_110.jpg,3648,2736,White,2343,1582,2758,1752
aug_110.jpg,3648,2736,Gray,1305,1855,1772,2049
aug_110.jpg,3648,2736,Blue,1902,1808,2370,2026
aug_110.jpg,3648,2736,Red,2461,1738,2893,1961
aug_111.jpg,3648,2736,White,1911,38,2328,744
aug_111.jpg,3648,2736,Blue,1572,1041,2002,1676
aug_111.jpg,3648,2736,Gray,1214,2032,1611,2658
aug_112.jpg,3648,2736,Blue,1770,1202,2428,2188
aug_113.jpg,3648,2736,Red,1417,1123,2272,1885
aug_114.jpg,3648,2736,Gray,767,811,1349,1202
aug_114.jpg,3648,2736,Yellow,1493,955,2111,1329
aug_114.jpg,3648,2736,Green,2202,1099,2802,1482
aug_114.jpg,3648,2736,White,2902,1208,3487,1614
aug_115.jpg,3648,2736,Yellow,790,1473,1725,1994
aug_115.jpg,3648,2736,White,1987,1211,2890,1782
aug_116.jpg,3648,2736,Red,1564,391,2258,1026
aug_117.jpg,3648,2736,White,502,1008,1675,1744
aug_117.jpg,3648,2736,Red,1955,1355,3008,2394
aug_118.jpg,3648,2736,Blue,1775,1808,2725,2526
aug_119.jpg,3648,2736,Gray,1370,844,2299,1744
aug_12.jpg,3648,2736,Yellow,687,888,1708,1444
aug_12.jpg,3648,2736,Red,1896,870,2920,1449
aug_120.jpg,3648,2736,Yellow,1058,670,1855,938
aug_121.jpg,3648,2736,Blue,1596,379,2246,873
aug_121.jpg,3648,2736,Green,981,1547,1734,2155
aug_122.jpg,3648,2736,Blue,884,1482,1558,2311
aug_122.jpg,3648,2736,Red,2214,764,2658,1449
aug_123.jpg,3648,2736,Blue,1120,905,2140,1691
aug_124.jpg,3648,2736,White,1861,576,2275,1352
aug_124.jpg,3648,2736,Blue,2231,1811,2728,2579
aug_125.jpg,3648,2736,White,664,938,1796,1926
aug_125.jpg,3648,2736,Green,1670,252,2817,1241
aug_126.jpg,3648,2736,White,252,1288,996,1982
aug_126.jpg,3648,2736,Yellow,1664,167,2487,961
aug_127.jpg,3648,2736,Gray,1040,720,1820,1111
aug_128.jpg,3648,2736,Yellow,1037,1697,2746,2708
aug_129.jpg,3648,2736,Yellow,381,1426,2084,2585
aug_13.jpg,3648,2736,Green,1708,1391,2414,2417
aug_13.jpg,3648,2736,Red,2081,405,2793,1388
aug_130.jpg,3648,2736,Yellow,1049,1608,2765,2736
aug_131.jpg,3648,2736,Green,887,749,1664,1729
aug_131.jpg,3648,2736,Red,1437,1697,2202,2679
aug_132.jpg,3648,2736,White,1749,517,2249,1299
aug_132.jpg,3648,2736,Blue,2314,1676,2922,2426
aug_133.jpg,3648,2736,Yellow,1217,973,2334,1814
aug_134.jpg,3648,2736,Red,396,1129,1314,1582
aug_134.jpg,3648,2736,Blue,2520,1205,3493,1685
aug_135.jpg,3648,2736,White,422,1047,1161,1547
aug_135.jpg,3648,2736,Red,1131,1541,1996,2032
aug_135.jpg,3648,2736,Gray,2390,1291,3208,1849
aug_136.jpg,3648,2736,Red,734,891,1767,1444
aug_136.jpg,3648,2736,Yellow,1937,876,2972,1426
aug_137.jpg,3648,2736,Yellow,1714,1073,2637,1558
aug_138.jpg,3648,2736,Yellow,1402,847,2343,1770
aug_139.jpg,3648,2736,Red,1784,1594,2525,2308
aug_14.jpg,3648,2736,Blue,1896,555,2552,955
aug_14.jpg,3648,2736,Green,1440,1773,2211,2294
aug_140.jpg,3648,2736,Green,552,808,1731,1441
aug_140.jpg,3648,2736,White,1787,749,2970,1408
aug_141.jpg,3648,2736,Red,1346,1132,2240,1861
aug_142.jpg,3648,2736,Gray,1446,1261,2152,1679
aug_143.jpg,3648,2736,Gray,590,541,1434,1297
aug_143.jpg,3648,2736,Green,834,244,1275,649
aug_143.jpg,3648,2736,Blue,1461,1861,2763,2736
aug_144.jpg,3648,2736,Blue,1134,911,2122,1732
aug_145.jpg,3648,2736,Green,1111,1541,1599,1773
aug_145.jpg,3648,2736,Yellow,1690,1655,2134,1879
aug_145.jpg,3648,2736,White,2205,1767,2652,1985
aug_145.jpg,3648,2736,Gray,1128,1699,1593,1976
aug_145.jpg,3648,2736,Blue,1717,1849,2170,2114
aug_145.jpg,3648,2736,Red,2264,1970,2711,2199
aug_147.jpg,3648,2736,Blue,2122,929,2946,1549
aug_148.jpg,3648,2736,Red,855,1476,1764,2585
aug_148.jpg,3648,2736,White,1961,741,3114,1647
aug_15.jpg,3648,2736,Blue,1022,458,1672,1149
aug_15.jpg,3648,2736,Yellow,1928,1108,2464,1752
aug_150.jpg,3648,2736,Green,1258,1514,2214,2326
aug_150.jpg,3648,2736,Red,2172,899,3122,1726
aug_151.jpg,3648,2736,Red,808,1232,1905,2276
aug_152.jpg,3648,2736,Green,1217,1291,2452,1973
aug_153.jpg,3648,2736,Blue,1022,1358,1987,1976
aug_154.jpg,3648,2736,Green,1722,1585,2484,2158
aug_156.jpg,3648,2736,White,443,1114,1137,1417
aug_156.jpg,3648,2736,Blue,1520,1188,2152,1476
aug_156.jpg,3648,2736,Gray,2570,1244,3205,1529
aug_157.jpg,3648,2736,Red,478,1038,1578,1749
aug_157.jpg,3648,2736,White,1855,1349,3031,2211
aug_158.jpg,3648,2736,Gray,1481,1299,2193,1661
aug_159.jpg,3648,2736,White,1043,141,1578,782
aug_159.jpg,3648,2736,Blue,1596,1029,2114,1670
aug_159.jpg,3648,2736,Gray,2164,1938,2655,2535
aug_16.jpg,3648,2736,Yellow,1584,626,2287,1497
aug_160.jpg,3648,2736,Green,675,417,1146,767
aug_160.jpg,3648,2736,Gray,487,752,1396,1414
aug_160.jpg,3648,2736,Blue,1661,1835,2999,2736
aug_161.jpg,3648,2736,Yellow,1917,1182,2705,1641
aug_162.jpg,3648,2736,Yellow,346,1358,2022,2591
aug_163.jpg,3648,2736,White,593,152,1202,767
aug_163.jpg,3648,2736,Blue,1308,861,1964,1473
aug_163.jpg,3648,2736,Gray,2172,1673,2855,2341
aug_164.jpg,3648,2736,Red,1531,1055,2240,1982
aug_165.jpg,3648,2736,Gray,858,1570,1434,2158
aug_165.jpg,3648,2736,Yellow,1364,982,1899,1561
aug_165.jpg,3648,2736,Green,1828,452,2346,1055
aug_165.jpg,3648,2736,White,2264,1,2781,491
aug_166.jpg,3648,2736,Blue,637,1694,1617,2197
aug_167.jpg,3648,2736,Blue,855,755,1452,1358
aug_167.jpg,3648,2736,Green,1802,1585,2511,2323
aug_168.jpg,3648,2736,Yellow,1187,1211,2322,1844
aug_168.jpg,3648,2736,Red,514,1667,1834,2441
aug_169.jpg,3648,2736,Yellow,628,444,1370,1176
aug_169.jpg,3648,2736,Red,1434,1323,2181,2085
aug_169.jpg,3648,2736,Green,2084,1229,2652,1858
aug_17.jpg,3648,2736,White,640,2088,1128,2620
aug_17.jpg,3648,2736,Green,1025,1508,1552,2091
aug_17.jpg,3648,2736,Yellow,1411,905,1928,1494
aug_17.jpg,3648,2736,Gray,1855,297,2381,873
aug_170.jpg,3648,2736,Green,1155,1194,2308,2052
aug_171.jpg,3648,2736,Yellow,1099,629,1852,1379
aug_172.jpg,3648,2736,Yellow,1784,1364,2514,2170
aug_173.jpg,3648,2736,Blue,1575,299,2408,1205
aug_173.jpg,3648,2736,Gray,2287,1141,3143,2041
aug_174.jpg,3648,2736,Yellow,1587,626,2305,1497
aug_175.jpg,3648,2736,Green,1237,1720,2672,2373
aug_176.jpg,3648,2736,Yellow,1331,1229,2452,1823
aug_176.jpg,3648,2736,Red,1817,1656,3158,2435
aug_177.jpg,3648,2736,Blue,728,838,1611,1391
aug_178.jpg,3648,2736,Gray,464,1235,1111,1526
aug_178.jpg,3648,2736,Blue,1499,1199,2149,1470
aug_178.jpg,3648,2736,White,2505,1111,3214,1429
aug_179.jpg,3648,2736,Blue,1028,791,1778,1920
aug_18.jpg,3648,2736,Gray,1355,908,2125,1864
aug_180.jpg,3648,2736,Green,525,988,1667,1944
aug_180.jpg,3648,2736,White,1584,379,2767,1282
aug_181.jpg,3648,2736,Yellow,399,1049,1164,1526
aug_181.jpg,3648,2736,Blue,1125,1547,2025,2017
aug_181.jpg,3648,2736,Gray,2358,1299,3202,1852
aug_182.jpg,3648,2736,Blue,1184,358,1817,1091
aug_182.jpg,3648,2736,Green,2187,1438,2796,2152
aug_183.jpg,3648,2736,White,396,1129,1167,1661
aug_183.jpg,3648,2736,Blue,1170,1535,2061,2102
aug_183.jpg,3648,2736,Gray,2399,1214,3231,1738
aug_184.jpg,3648,2736,Green,546,802,1711,1411
aug_184.jpg,3648,2736,White,1802,758,2964,1405
aug_185.jpg,3648,2736,White,1240,1,1899,567
aug_185.jpg,3648,2736,Yellow,2249,1211,3014,2094
aug_186.jpg,3648,2736,Gray,1955,85,2387,667
aug_186.jpg,3648,2736,Blue,1575,1049,1999,1676
aug_186.jpg,3648,2736,White,1178,1976,1631,2652
aug_187.jpg,3648,2736,Red,993,1538,1749,2173
aug_188.jpg,3648,2736,White,1090,1299,2414,1985
aug_189.jpg,3648,2736,Green,1655,497,2267,1114
aug_189.jpg,3648,2736,Red,1793,979,2543,1767
aug_189.jpg,3648,2736,Yellow,1005,1847,1670,2623
aug_19.jpg,3648,2736,Yellow,746,1976,1722,2649
aug_19.jpg,3648,2736,Green,1655,1699,2528,2273
aug_19.jpg,3648,2736,Gray,2464,1447,3255,1997
aug_190.jpg,3648,2736,Green,849,1373,2158,2608
aug_191.jpg,3648,2736,White,784,61,1687,814
aug_191.jpg,3648,2736,Red,717,608,1684,1558
aug_191.jpg,3648,2736,Gray,940,1588,1990,2620
aug_192.jpg,3648,2736,Yellow,1343,1032,2446,1961
aug_192.jpg,3648,2736,Red,1081,1720,2393,2735
aug_193.jpg,3648,2736,Blue,1434,655,2299,1649
aug_194.jpg,3648,2736,Red,864,1199,1758,2185
aug_194.jpg,3648,2736,Yellow,1599,267,2520,1255
aug_195.jpg,3648,2736,Red,920,529,2014,1344
aug_196.jpg,3648,2736,Blue,1487,949,2487,1494
aug_197.jpg,3648,2736,Gray,1046,705,1796,1117
aug_199.jpg,3648,2736,White,1118,855,2105,2199
aug_2.jpg,3648,2736,Red,731,970,1958,1617
aug_2.jpg,3648,2736,Yellow,1946,970,3158,1602
aug_20.jpg,3648,2736,Yellow,1046,899,1937,1558
aug_200.jpg,3648,2736,Blue,1499,1449,2511,2005
aug_201.jpg,3648,2736,White,549,1567,1218,2092
aug_201.jpg,3648,2736,Blue,1511,1080,2143,1580
aug_201.jpg,3648,2736,Gray,2443,611,3049,1092
aug_203.jpg,3648,2736,White,224,1136,1011,1780
aug_203.jpg,3648,2736,Yellow,1811,236,2643,942
aug_204.jpg,3648,2736,Green,886,1374,1699,1999
aug_204.jpg,3648,2736,Yellow,1824,886,2699,1511
aug_205.jpg,3648,2736,Red,1536,1061,2261,1986
aug_206.jpg,3648,2736,White,414,535,1352,1049
aug_206.jpg,3648,2736,Red,620,1041,1640,1726
aug_206.jpg,3648,2736,Gray,1272,1782,2361,2561
aug_207.jpg,3648,2736,Yellow,472,1823,1437,2320
aug_207.jpg,3648,2736,Green,1434,1811,2308,2264
aug_207.jpg,3648,2736,Gray,2305,1797,3084,2261
aug_208.jpg,3648,2736,White,199,1367,878,1702
aug_208.jpg,3648,2736,Blue,1193,1208,1899,1576
aug_208.jpg,3648,2736,Gray,2393,997,3164,1397
aug_209.jpg,3648,2736,Green,1225,1679,1690,1852
aug_209.jpg,3648,2736,Red,2434,1802,2890,1999
aug_209.jpg,3648,2736,White,2325,1632,2746,1791
aug_209.jpg,3648,2736,Yellow,1802,1649,2211,1832
aug_209.jpg,3648,2736,Gray,1267,1841,1755,2032
aug_209.jpg,3648,2736,Blue,1881,1820,2334,2035
aug_21.jpg,3648,2736,Red,1099,1138,2075,1708
aug_210.jpg,3648,2736,White,249,1535,946,1952
aug_210.jpg,3648,2736,Blue,1222,1217,1931,1670
aug_210.jpg,3648,2736,Gray,2346,817,3137,1285
aug_211.jpg,3648,2736,Blue,1267,499,1922,811
aug_211.jpg,3648,2736,Green,1243,1802,2031,2220
aug_212.jpg,3648,2736,Red,1617,388,2284,1044
aug_214.jpg,3648,2736,White,2302,523,3222,1035
aug_214.jpg,3648,2736,Red,2011,1035,3043,1708
aug_214.jpg,3648,2736,Gray,1302,1779,2375,2567
aug_215.jpg,3648,2736,Blue,2070,97,2746,1385
aug_215.jpg,3648,2736,Green,1475,2032,2078,2736
aug_217.jpg,3648,2736,Red,1228,1241,1849,1582
aug_218.jpg,3648,2736,White,743,29,1322,647
aug_218.jpg,3648,2736,Blue,1349,797,1972,1458
aug_218.jpg,3648,2736,Gray,2122,1747,2740,2452
aug_22.jpg,3648,2736,Yellow,481,849,1705,1573
aug_22.jpg,3648,2736,Red,1699,982,2899,1670
aug_220.jpg,3648,2736,Red,1417,567,2517,1144
aug_221.jpg,3648,2736,Yellow,1061,664,1846,988
aug_222.jpg,3648,2736,Green,1802,608,2452,1129
aug_222.jpg,3648,2736,Red,1758,1120,2549,1788
aug_222.jpg,3648,2736,Yellow,725,1688,1484,2385
aug_224.jpg,3648,2736,Red,317,1299,1422,1902
aug_224.jpg,3648,2736,Green,1720,1358,2831,1982
aug_226.jpg,3648,2736,Blue,1249,755,2214,1582
aug_227.jpg,3648,2736,White,322,1247,1208,2120
aug_227.jpg,3648,2736,Red,867,1458,1890,2311
aug_227.jpg,3648,2736,Gray,1858,1461,2993,2358
aug_228.jpg,3648,2736,Red,1158,926,2043,1702
aug_229.jpg,3648,2736,White,1414,1,2214,758
aug_229.jpg,3648,2736,Red,1102,305,1796,1338
aug_229.jpg,3648,2736,Gray,767,1267,1543,2391
aug_23.jpg,3648,2736,White,1172,876,2034,2185
aug_230.jpg,3648,2736,Yellow,1464,926,2270,1947
aug_232.jpg,3648,2736,Yellow,1334,820,2217,1814
aug_233.jpg,3648,2736,Green,1152,1002,2140,2067
aug_234.jpg,3648,2736,White,1061,814,1878,1161
aug_234.jpg,3648,2736,Blue,2417,794,3181,1138
aug_235.jpg,3648,2736,Blue,699,961,1552,1623
aug_236.jpg,3648,2736,Green,1237,1717,2684,2379
aug_237.jpg,3648,2736,Red,834,429,1546,1405
aug_237.jpg,3648,2736,Green,1278,1417,1955,2411
aug_239.jpg,3648,2736,Red,858,911,1484,1570
aug_24.jpg,3648,2736,Red,1246,1220,2167,1726
aug_240.jpg,3648,2736,White,728,1379,1858,2317
aug_240.jpg,3648,2736,Red,2081,991,3184,1623
aug_241.jpg,3648,2736,White,2334,629,2487,1011
aug_241.jpg,3648,2736,Red,2493,585,2746,1017
aug_241.jpg,3648,2736,Yellow,2090,1144,2293,1529
aug_241.jpg,3648,2736,Blue,2275,1102,2561,1532
aug_241.jpg,3648,2736,Green,1937,1649,2146,2097
aug_241.jpg,3648,2736,Gray,2143,1638,2355,2064
aug_242.jpg,3648,2736,Red,1237,11,1811,908
aug_242.jpg,3648,2736,Blue,1840,2047,2431,2736
aug_244.jpg,3648,2736,Green,1934,811,2584,1155
aug_246.jpg,3648,2736,Gray,1490,1052,1958,1749
aug_248.jpg,3648,2736,Yellow,1255,1026,2549,1785
aug_249.jpg,3648,2736,Yellow,1981,458,2449,1252
aug_25.jpg,3648,2736,Green,520,1679,964,2120
aug_25.jpg,3648,2736,Gray,805,1658,1652,2479
aug_25.jpg,3648,2736,Blue,2311,714,3648,1909
aug_250.jpg,3648,2736,Yellow,1411,788,2311,1847
aug_251.jpg,3648,2736,Yellow,1658,1199,2399,2129
aug_253.jpg,3648,2736,Red,14,1191,1237,2123
aug_253.jpg,3648,2736,Yellow,1381,1238,2525,1879
aug_253.jpg,3648,2736,Green,2575,1152,3561,2088
aug_254.jpg,3648,2736,Gray,1381,847,2240,1770
aug_256.jpg,3648,2736,Red,1611,970,2525,1694
aug_258.jpg,3648,2736,Yellow,996,1270,1802,1964
aug_26.jpg,3648,2736,Yellow,1252,1782,2984,2591
aug_260.jpg,3648,2736,Yellow,552,947,1422,1670
aug_260.jpg,3648,2736,White,2146,14,2887,655
aug_261.jpg,3648,2736,Green,1349,355,1867,1223
aug_261.jpg,3648,2736,Yellow,1664,1388,2181,2264
aug_262.jpg,3648,2736,Blue,1384,385,2022,867
aug_262.jpg,3648,2736,Green,1908,1523,2684,2164
aug_264.jpg,3648,2736,Gray,1287,1005,2264,1614
aug_266.jpg,3648,2736,Green,1925,794,2599,1176
aug_267.jpg,3648,2736,Blue,1208,632,2355,1291
aug_269.jpg,3648,2736,Yellow,1225,1064,2346,1947
aug_269.jpg,3648,2736,Red,1308,1729,2628,2736
aug_27.jpg,3648,2736,Yellow,1431,794,2252,1820
aug_270.jpg,3648,2736,Green,767,1044,1628,1514
aug_270.jpg,3648,2736,Yellow,1831,1241,2690,1729
aug_272.jpg,3648,2736,Yellow,1393,388,2072,1052
aug_273.jpg,3648,2736,White,1111,1314,2414,1964
aug_274.jpg,3648,2736,White,331,547,1020,1035
aug_274.jpg,3648,2736,Blue,1214,994,1928,1479
aug_274.jpg,3648,2736,Gray,2322,1494,3046,2041
aug_276.jpg,3648,2736,Blue,2067,1379,2705,2273
aug_277.jpg,3648,2736,Blue,1728,1235,2349,1905
aug_277.jpg,3648,2736,Gray,825,335,1487,1002
aug_277.jpg,3648,2736,White,2484,1970,3052,2564
aug_278.jpg,3648,2736,Yellow,1270,1014,2570,1767
aug_279.jpg,3648,2736,Blue,978,444,1875,1141
aug_28.jpg,3648,2736,Blue,167,1223,1131,1691
aug_28.jpg,3648,2736,Red,2370,1147,3240,1582
aug_281.jpg,3648,2736,White,1070,820,2243,1552
aug_282.jpg,3648,2736,Green,1072,1467,1552,1744
aug_282.jpg,3648,2736,Yellow,1622,1635,2061,1908
aug_282.jpg,3648,2736,White,2134,1811,2570,2070
aug_282.jpg,3648,2736,Gray,1081,1620,1534,1935
aug_282.jpg,3648,2736,Blue,1646,1835,2093,2129
aug_282.jpg,3648,2736,Red,2178,2023,2614,2311
aug_284.jpg,3648,2736,Gray,1031,714,1796,1111
aug_285.jpg,3648,2736,Gray,2120,958,2770,1641
aug_286.jpg,3648,2736,Blue,1037,599,1890,1726
aug_287.jpg,3648,2736,Blue,1384,655,2261,1655
aug_288.jpg,3648,2736,Yellow,487,970,1678,1605
aug_288.jpg,3648,2736,Red,1702,964,2902,1614
aug_289.jpg,3648,2736,Red,314,1305,1420,1899
aug_289.jpg,3648,2736,Green,1734,1364,2820,1976
aug_29.jpg,3648,2736,Blue,1620,1773,2384,2735
aug_290.jpg,3648,2736,Green,1737,1158,3058,2391
aug_291.jpg,3648,2736,Green,1867,1376,2408,2047
aug_291.jpg,3648,2736,Blue,1322,538,1870,1194
aug_292.jpg,3648,2736,Blue,1599,347,2908,855
aug_292.jpg,3648,2736,Green,258,1523,1201,2058
aug_293.jpg,3648,2736,Yellow,1399,885,2425,2111
aug_295.jpg,3648,2736,Yellow,472,1329,1267,1820
aug_295.jpg,3648,2736,Red,1664,1388,2481,1844
aug_295.jpg,3648,2736,Green,1993,917,2649,1282
aug_296.jpg,3648,2736,Yellow,1708,547,2428,1352
aug_298.jpg,3648,2736,Red,1493,1214,2408,1741
aug_299.jpg,3648,2736,Blue,1014,588,1958,1123
aug_299.jpg,3648,2736,Gray,2128,605,3072,1132
aug_3.jpg,3648,2736,Yellow,1237,1082,2352,1705
aug_30.jpg,3648,2736,Green,587,1099,1861,2379
aug_301.jpg,3648,2736,Green,1343,638,1905,1314
aug_301.jpg,3648,2736,Blue,1964,1438,2496,2097
aug_303.jpg,3648,2736,Green,996,870,1661,1276
aug_305.jpg,3648,2736,Green,1231,1699,1714,1864
aug_305.jpg,3648,2736,Yellow,1805,1620,2249,1838
aug_305.jpg,3648,2736,White,2337,1579,2772,1797
aug_305.jpg,3648,2736,Red,2464,1749,2908,1955
aug_305.jpg,3648,2736,Blue,1908,1808,2378,2032
aug_305.jpg,3648,2736,Gray,1290,1861,1784,2058
aug_306.jpg,3648,2736,Red,2046,1420,2617,2176
aug_308.jpg,3648,2736,Red,1993,855,3020,1655
aug_308.jpg,3648,2736,White,2175,317,3125,932
aug_308.jpg,3648,2736,Gray,1434,1699,2555,2614
aug_309.jpg,3648,2736,Blue,1625,1,2117,729
aug_309.jpg,3648,2736,White,1061,1141,1672,1894
aug_31.jpg,3648,2736,White,1149,897,2105,2226
aug_311.jpg,3648,2736,Yellow,1981,1838,2672,2623
aug_311.jpg,3648,2736,Red,1114,982,1867,1764
aug_311.jpg,3648,2736,Green,1355,502,1984,1117
aug_313.jpg,3648,2736,Yellow,1311,1235,1993,2152
aug_314.jpg,3648,2736,White,1105,926,2161,2217
aug_315.jpg,3648,2736,Blue,1122,914,2149,1655
aug_316.jpg,3648,2736,Yellow,278,1129,1872,2532
aug_317.jpg,3648,2736,Red,405,1082,1302,1564
aug_317.jpg,3648,2736,Blue,2511,1255,3472,1726
aug_318.jpg,3648,2736,Yellow,1561,791,2784,2544
aug_32.jpg,3648,2736,Red,1375,858,2022,1785
aug_320.jpg,3648,2736,Yellow,1664,1158,2496,1999
aug_322.jpg,3648,2736,Red,1417,1588,2652,2270
aug_323.jpg,3648,2736,White,1034,1,1490,561
aug_323.jpg,3648,2736,Blue,1437,779,1972,1494
aug_323.jpg,3648,2736,Gray,2022,1847,2578,2605
aug_324.jpg,3648,2736,Yellow,722,1332,1820,2476
aug_324.jpg,3648,2736,Red,1520,349,2625,1558
aug_325.jpg,3648,2736,Red,1105,1520,2296,2349
aug_327.jpg,3648,2736,Yellow,281,914,1152,1758
aug_327.jpg,3648,2736,Green,1078,1529,1825,2285
aug_327.jpg,3648,2736,Gray,1761,2082,2434,2736
aug_328.jpg,3648,2736,Red,1428,1776,2231,2285
aug_329.jpg,3648,2736,Gray,1028,1749,1767,2647
aug_329.jpg,3648,2736,Green,717,1908,1117,2394
aug_329.jpg,3648,2736,Green,2305,382,3537,1749
aug_33.jpg,3648,2736,Blue,1037,744,1711,1297
aug_33.jpg,3648,2736,Green,1902,1270,2584,1794
aug_331.jpg,3648,2736,Green,1108,1635,2534,2491
aug_333.jpg,3648,2736,Yellow,922,1182,1793,1697
aug_334.jpg,3648,2736,Yellow,984,1223,1414,2005
aug_336.jpg,3648,2736,Yellow,981,1358,1790,2414
aug_336.jpg,3648,2736,Red,1455,247,2246,1285
aug_338.jpg,3648,2736,Green,1225,1288,2422,1991
aug_339.jpg,3648,2736,Blue,1005,1323,1981,1976
aug_34.jpg,3648,2736,Blue,934,1138,1614,1464
aug_34.jpg,3648,2736,Green,1917,1120,2628,1452
aug_340.jpg,3648,2736,Blue,934,605,1890,1147
aug_340.jpg,3648,2736,Gray,2022,452,2996,1047
aug_342.jpg,3648,2736,Yellow,2190,1055,2767,1773
aug_344.jpg,3648,2736,Red,1058,1497,1711,2279
aug_346.jpg,3648,2736,Blue,1343,1394,2296,2135
aug_347.jpg,3648,2736,Yellow,967,1252,2702,2414
aug_348.jpg,3648,2736,Yellow,1393,414,2131,961
aug_349.jpg,3648,2736,Red,1528,397,2217,988
aug_35.jpg,3648,2736,Red,1475,549,2181,894
aug_35.jpg,3648,2736,Blue,1620,1888,2484,2405
aug_350.jpg,3648,2736,Red,1746,879,2261,1455
aug_352.jpg,3648,2736,Blue,628,1679,1611,2197
aug_353.jpg,3648,2736,Blue,1481,1179,2155,1488
aug_353.jpg,3648,2736,White,443,1120,1134,1432
aug_353.jpg,3648,2736,Gray,2549,1244,3205,1535
aug_354.jpg,3648,2736,White,1002,1732,1428,1952
aug_354.jpg,3648,2736,Yellow,1496,1658,1961,1841
aug_354.jpg,3648,2736,Green,2061,1576,2525,1770
aug_354.jpg,3648,2736,Gray,2028,1726,2499,1964
aug_354.jpg,3648,2736,Blue,1440,1855,1905,2091
aug_354.jpg,3648,2736,Red,908,1952,1364,2164
aug_355.jpg,3648,2736,Red,1134,1238,1931,1814
aug_355.jpg,3648,2736,Green,1099,755,1746,1167
aug_355.jpg,3648,2736,Yellow,2293,1532,3055,2141
aug_357.jpg,3648,2736,Yellow,1840,1570,2805,2058
aug_357.jpg,3648,2736,White,749,1185,1631,1664
aug_358.jpg,3648,2736,Gray,893,288,1420,835
aug_358.jpg,3648,2736,Blue,1584,1047,2140,1626
aug_358.jpg,3648,2736,White,2278,1794,2837,2414
aug_359.jpg,3648,2736,Blue,1114,1829,2002,2644
aug_36.jpg,3648,2736,Blue,1531,673,2284,1694
aug_360.jpg,3648,2736,Blue,1190,417,2111,1099
aug_360.jpg,3648,2736,Gray,2222,776,3190,1458
aug_361.jpg,3648,2736,Blue,425,679,1575,1770
aug_361.jpg,3648,2736,Green,2375,370,3249,1258
aug_362.jpg,3648,2736,Yellow,1228,967,2858,2608
aug_363.jpg,3648,2736,Yellow,781,1482,1725,2014
aug_363.jpg,3648,2736,White,1990,1226,2887,1776
aug_364.jpg,3648,2736,Yellow,1105,961,2384,1964
aug_366.jpg,3648,2736,Blue,1240,279,2072,1226
aug_366.jpg,3648,2736,Gray,472,1147,1396,2047
aug_368.jpg,3648,2736,Red,1890,5,2484,926
aug_368.jpg,3648,2736,Blue,1099,2032,1728,2736
aug_369.jpg,3648,2736,Blue,987,652,1899,1711
aug_37.jpg,3648,2736,Red,1593,326,2564,1267
aug_37.jpg,3648,2736,Yellow,770,1229,1728,2182
aug_371.jpg,3648,2736,White,190,1008,770,1355
aug_371.jpg,3648,2736,Green,875,1014,1467,1364
aug_371.jpg,3648,2736,Yellow,1587,985,2175,1308
aug_371.jpg,3648,2736,Gray,2358,991,2914,1329
aug_372.jpg,3648,2736,White,1758,376,2496,1267
aug_372.jpg,3648,2736,Yellow,1667,1570,2396,2514
aug_373.jpg,3648,2736,Yellow,1399,955,1996,1420
aug_373.jpg,3648,2736,Gray,722,1285,1305,1764
aug_373.jpg,3648,2736,Green,2034,655,2634,1158
aug_373.jpg,3648,2736,White,2664,367,3272,829
aug_374.jpg,3648,2736,White,1728,1405,2837,2452
aug_374.jpg,3648,2736,Red,481,873,1587,1497
aug_375.jpg,3648,2736,Yellow,570,882,1446,1570
aug_375.jpg,3648,2736,White,2225,94,2984,735
aug_376.jpg,3648,2736,Gray,2428,1514,3225,2038
aug_376.jpg,3648,2736,Green,1622,1708,2496,2294
aug_376.jpg,3648,2736,Yellow,708,1944,1652,2605
aug_377.jpg,3648,2736,Green,993,623,1643,1623
aug_377.jpg,3648,2736,Red,1322,1667,1972,2632
aug_379.jpg,3648,2736,Green,1617,1673,2440,2317
aug_379.jpg,3648,2736,Gray,881,2020,1675,2611
aug_379.jpg,3648,2736,Yellow,2420,1299,3396,2002
aug_38.jpg,3648,2736,Green,572,1261,2017,2438
aug_382.jpg,3648,2736,Yellow,1243,520,1952,1355
aug_384.jpg,3648,2736,Gray,1602,1108,2231,1776
aug_386.jpg,3648,2736,Yellow,852,1279,1758,2279
aug_386.jpg,3648,2736,Red,1525,288,2455,1279
aug_387.jpg,3648,2736,Green,1017,1329,1690,2047
aug_388.jpg,3648,2736,Red,584,476,1425,1194
aug_388.jpg,3648,2736,Blue,2334,1676,3261,2414
aug_39.jpg,3648,2736,White,1422,888,2590,1523
aug_390.jpg,3648,2736,Yellow,1237,1005,2305,1688
aug_391.jpg,3648,2736,White,1049,908,1820,1249
aug_391.jpg,3648,2736,Blue,2314,579,3114,1029
aug_392.jpg,3648,2736,Blue,520,726,1381,1617
aug_394.jpg,3648,2736,Yellow,1046,782,1749,1417
aug_396.jpg,3648,2736,Red,1920,552,2528,1144
aug_396.jpg,3648,2736,Blue,1128,1747,1934,2447
aug_397.jpg,3648,2736,Green,1422,1735,2205,2170
aug_399.jpg,3648,2736,Green,1020,1138,1728,1473
aug_399.jpg,3648,2736,Blue,2017,1117,2722,1458
aug_4.jpg,3648,2736,Blue,1181,347,1790,1111
aug_4.jpg,3648,2736,Green,2187,1414,2828,2102
aug_40.jpg,3648,2736,Yellow,1308,1070,2390,1673
aug_400.jpg,3648,2736,Yellow,646,1144,2414,2349
aug_401.jpg,3648,2736,Green,1478,461,2067,1135
aug_403.jpg,3648,2736,Red,1505,1144,2158,2082
aug_406.jpg,3648,2736,Yellow,1849,1055,2293,1647
aug_406.jpg,3648,2736,Green,1561,373,2002,997
aug_406.jpg,3648,2736,White,1363,1,1761,352
aug_406.jpg,3648,2736,Gray,2081,1744,2534,2338
aug_407.jpg,3648,2736,Yellow,940,1199,1770,1770
aug_409.jpg,3648,2736,Yellow,1275,1179,1575,1594
aug_409.jpg,3648,2736,White,1046,714,1337,1132
aug_409.jpg,3648,2736,Red,817,702,1117,1135
aug_409.jpg,3648,2736,Gray,1296,1691,1664,2164
aug_409.jpg,3648,2736,Green,1511,1664,1793,2135
aug_409.jpg,3648,2736,Blue,1037,1170,1364,1614
aug_41.jpg,3648,2736,Yellow,1237,1088,2331,1697
aug_410.jpg,3648,2736,Blue,1528,1055,2034,1667
aug_410.jpg,3648,2736,White,2014,97,2493,773
aug_410.jpg,3648,2736,Gray,1058,1982,1525,2594
aug_411.jpg,3648,2736,Green,893,544,1605,1023
aug_411.jpg,3648,2736,Blue,2120,1273,2905,1779
aug_412.jpg,3648,2736,Yellow,1822,832,2675,1476
aug_412.jpg,3648,2736,Green,911,1411,1755,2067
aug_413.jpg,3648,2736,Blue,478,785,1249,1141
aug_413.jpg,3648,2736,White,1778,820,2567,1185
aug_414.jpg,3648,2736,Gray,1343,867,2252,1705
aug_415.jpg,3648,2736,Green,911,1002,1408,1788
aug_415.jpg,3648,2736,Blue,2208,602,2614,1244
aug_417.jpg,3648,2736,Green,1322,373,1855,1235
aug_417.jpg,3648,2736,Yellow,1652,1391,2220,2282
aug_418.jpg,3648,2736,Red,940,1347,2070,2423
aug_419.jpg,3648,2736,Blue,840,744,1484,1344
aug_419.jpg,3648,2736,Green,1781,1597,2502,2311
aug_42.jpg,3648,2736,Yellow,1375,667,2467,1899
aug_420.jpg,3648,2736,Red,420,1138,1278,1599
aug_420.jpg,3648,2736,Blue,2502,1214,3478,1694
aug_422.jpg,3648,2736,Yellow,1355,1020,2408,1697
aug_424.jpg,3648,2736,Gray,1414,1179,2105,1720
aug_425.jpg,3648,2736,Gray,1193,1811,1602,2394
aug_425.jpg,3648,2736,Yellow,1399,1079,1802,1673
aug_425.jpg,3648,2736,Green,1617,399,2002,985
aug_425.jpg,3648,2736,White,1778,1,2139,329
aug_427.jpg,3648,2736,White,1649,1,2486,735
aug_427.jpg,3648,2736,Red,1890,367,2737,1438
aug_427.jpg,3648,2736,Gray,1949,1391,2843,2508
aug_428.jpg,3648,2736,Blue,1511,1802,2322,2736
aug_43.jpg,3648,2736,Blue,714,1194,1514,1626
aug_43.jpg,3648,2736,Green,2105,655,2858,1099
aug_430.jpg,3648,2736,Green,1561,1388,2675,2235
aug_430.jpg,3648,2736,Red,293,820,1375,1641
aug_431.jpg,3648,2736,Yellow,834,1061,2558,2567
aug_432.jpg,3648,2736,Yellow,1284,1047,2570,1773
aug_434.jpg,3648,2736,Red,1234,979,2111,1814
aug_435.jpg,3648,2736,Gray,893,288,1552,991
aug_435.jpg,3648,2736,Blue,1717,1244,2308,1923
aug_435.jpg,3648,2736,White,2375,2035,2952,2667
aug_436.jpg,3648,2736,White,628,1349,1820,2235
aug_436.jpg,3648,2736,Red,2064,1049,3178,1758
aug_437.jpg,3648,2736,Yellow,914,1032,1764,1499
aug_438.jpg,3648,2736,Gray,1499,1029,1937,1770
aug_439.jpg,3648,2736,Red,1234,982,1849,1497
aug_44.jpg,3648,2736,Yellow,1881,1144,2717,1632
aug_440.jpg,3648,2736,Yellow,1028,226,1872,985
aug_440.jpg,3648,2736,White,2670,1164,3434,1785
aug_441.jpg,3648,2736,Gray,1440,1249,2161,1682
aug_442.jpg,3648,2736,Gray,999,1838,2096,2432
aug_442.jpg,3648,2736,Red,1931,1317,2964,1908
aug_442.jpg,3648,2736,White,2420,797,3352,1455
aug_443.jpg,3648,2736,Yellow,864,832,1620,1382
aug_444.jpg,3648,2736,White,1143,867,2058,2199
aug_445.jpg,3648,2736,Yellow,790,570,1796,1352
aug_445.jpg,3648,2736,Red,1902,976,2946,1747
aug_446.jpg,3648,2736,Yellow,1243,655,2034,1535
aug_447.jpg,3648,2736,Blue,1811,1797,2781,2473
aug_448.jpg,3648,2736,White,931,1399,1825,2247
aug_448.jpg,3648,2736,Yellow,2061,958,2972,1811
aug_449.jpg,3648,2736,Yellow,1334,1167,2455,1847
aug_449.jpg,3648,2736,Red,1887,1538,3264,2408
aug_45.jpg,3648,2736,Blue,1052,585,2181,1441
aug_450.jpg,3648,2736,Red,690,1547,1661,2111
aug_450.jpg,3648,2736,Green,1793,1491,2772,2020
aug_451.jpg,3648,2736,Gray,2067,899,2752,1564
aug_452.jpg,3648,2736,Gray,534,1491,1370,2179
aug_452.jpg,3648,2736,Blue,1764,1391,2620,1947
aug_452.jpg,3648,2736,White,2422,794,3170,1220
aug_453.jpg,3648,2736,Yellow,1187,467,1687,1235
aug_454.jpg,3648,2736,Yellow,2020,1314,2387,1688
aug_454.jpg,3648,2736,White,2408,917,2734,1299
aug_454.jpg,3648,2736,Red,2622,973,2964,1358
aug_454.jpg,3648,2736,Blue,2202,1361,2646,1770
aug_454.jpg,3648,2736,Gray,1820,1799,2214,2194
aug_454.jpg,3648,2736,Green,1649,1726,2052,2126
aug_455.jpg,3648,2736,Yellow,487,694,1284,1301
aug_455.jpg,3648,2736,Red,1458,1347,2265,2047
aug_455.jpg,3648,2736,Green,2079,1123,2694,1701
aug_456.jpg,3648,2736,Green,1053,1235,1741,1714
aug_456.jpg,3648,2736,Blue,1968,826,2650,1308
aug_457.jpg,3648,2736,White,324,735,1256,1355
aug_457.jpg,3648,2736,Red,677,1302,1671,1844
aug_457.jpg,3648,2736,Gray,1483,1867,2591,2452
aug_458.jpg,3648,2736,White,1737,1,2186,558
aug_458.jpg,3648,2736,Yellow,2183,1435,2836,2308
aug_459.jpg,3648,2736,Yellow,1394,882,2394,1779
aug_46.jpg,3648,2736,Green,1165,808,1968,1985
aug_460.jpg,3648,2736,Yellow,1718,1126,2636,1620
aug_461.jpg,3648,2736,Gray,1300,1058,2259,1605
aug_462.jpg,3648,2736,Green,965,1382,2071,2217
aug_462.jpg,3648,2736,Red,2268,829,3350,1667
aug_463.jpg,3648,2736,Yellow,1259,673,2033,1523
aug_464.jpg,3648,2736,Yellow,2221,373,2977,1117
aug_464.jpg,3648,2736,Red,1515,1305,2236,2111
aug_464.jpg,3648,2736,Green,1033,1273,1550,1952
aug_465.jpg,3648,2736,Green,2459,1547,3380,2026
aug_465.jpg,3648,2736,Blue,786,352,2071,835
aug_466.jpg,3648,2736,Red,736,885,1744,1432
aug_466.jpg,3648,2736,Yellow,1927,879,2968,1417
aug_467.jpg,3648,2736,White,986,1061,1644,1732
aug_467.jpg,3648,2736,Blue,1806,2,2456,735
aug_468.jpg,3648,2736,Red,1371,1317,1918,1902
aug_469.jpg,3648,2736,Yellow,1697,1102,2606,1711
aug_47.jpg,3648,2736,Red,1177,1620,1886,2323
aug_470.jpg,3648,2736,Yellow,1030,791,1747,1411
aug_471.jpg,3648,2736,Yellow,1150,888,2183,1964
aug_471.jpg,3648,2736,Red,274,752,1462,2038
aug_472.jpg,3648,2736,Blue,1486,655,2288,1688
aug_473.jpg,3648,2736,White,1430,864,2591,1676
aug_475.jpg,3648,2736,Yellow,1200,1085,2333,1691
aug_477.jpg,3648,2736,White,1430,891,2603,1517
aug_478.jpg,3648,2736,Green,965,1555,1947,2108
aug_478.jpg,3648,2736,Red,2071,1438,3062,1988
aug_48.jpg,3648,2736,Gray,744,1929,1521,2467
aug_48.jpg,3648,2736,Yellow,2374,1505,3365,2135
aug_48.jpg,3648,2736,Green,1524,1717,2371,2326
aug_480.jpg,3648,2736,Green,2453,1541,3403,2049
aug_480.jpg,3648,2736,Blue,762,349,2062,879
aug_481.jpg,3648,2736,White,1438,1502,2038,2676
aug_481.jpg,3648,2736,Red,933,120,1912,1205
aug_484.jpg,3648,2736,Blue,1630,291,2424,1235
aug_484.jpg,3648,2736,Gray,2253,1188,3144,2097
aug_485.jpg,3648,2736,Yellow,1194,979,2865,2620
aug_487.jpg,3648,2736,Red,488,1017,1591,1688
aug_487.jpg,3648,2736,White,1833,1361,2974,2273
aug_488.jpg,3648,2736,White,668,847,1838,1614
aug_488.jpg,3648,2736,Green,1853,549,3033,1308
aug_489.jpg,3648,2736,Blue,2097,1191,2833,2085
aug_49.jpg,3648,2736,Blue,930,555,1509,1323
aug_49.jpg,3648,2736,Yellow,1959,1026,2436,1679
aug_490.jpg,3648,2736,Yellow,2303,1476,3106,2070
aug_490.jpg,3648,2736,Red,1144,1270,1927,1829
aug_490.jpg,3648,2736,Green,1053,788,1712,1191
aug_492.jpg,3648,2736,Yellow,1321,832,2227,1820
aug_494.jpg,3648,2736,Red,644,664,1494,1599
aug_494.jpg,3648,2736,Green,1341,1473,2183,2402
aug_495.jpg,3648,2736,Green,1018,1126,1697,1494
aug_495.jpg,3648,2736,Blue,2027,1144,2727,1476
aug_497.jpg,3648,2736,Blue,491,738,1274,1102
aug_497.jpg,3648,2736,White,1788,841,2574,1179
aug_498.jpg,3648,2736,Yellow,1330,1314,1783,1955
aug_498.jpg,3648,2736,Blue,2315,976,2838,1747
aug_5.jpg,3648,2736,Green,544,785,1736,1408
aug_5.jpg,3648,2736,White,1800,779,2977,1408
aug_50.jpg,3648,2736,Yellow,1738,1076,2653,1579
aug_500.jpg,3648,2736,Yellow,1841,1311,2962,2429
aug_500.jpg,3648,2736,Red,1047,358,2118,1529
aug_502.jpg,3648,2736,Yellow,1486,1314,2409,2291
aug_502.jpg,3648,2736,Red,1271,1017,2059,1849
aug_503.jpg,3648,2736,Blue,1583,1276,1947,2029
aug_503.jpg,3648,2736,Gray,1771,64,2159,820
aug_503.jpg,3648,2736,White,1397,2299,1744,2736
aug_504.jpg,3648,2736,Yellow,1077,661,1844,961
aug_505.jpg,3648,2736,Blue,1191,832,2197,1544
aug_506.jpg,3648,2736,Gray,1736,429,2353,1173
aug_507.jpg,3648,2736,White,515,1267,1718,1914
aug_507.jpg,3648,2736,Red,2021,1211,3118,2141
aug_508.jpg,3648,2736,Yellow,1230,952,2291,1720
aug_509.jpg,3648,2736,Yellow,1350,1035,2418,1652
aug_51.jpg,3648,2736,Gray,1586,1132,2218,1749
aug_511.jpg,3648,2736,Green,1174,1197,2336,2038
aug_512.jpg,3648,2736,Gray,1391,479,2133,1052
aug_513.jpg,3648,2736,Gray,2127,1952,2606,2576
aug_513.jpg,3648,2736,White,1106,105,1618,770
aug_513.jpg,3648,2736,Blue,1606,1026,2094,1667
aug_514.jpg,3648,2736,Yellow,1347,1005,2400,1702
aug_515.jpg,3648,2736,Green,1347,1202,2477,2029
aug_516.jpg,3648,2736,Blue,2286,594,3103,1526
aug_517.jpg,3648,2736,Yellow,1030,729,1774,1741
aug_517.jpg,3648,2736,Red,1574,758,2186,1647
aug_518.jpg,3648,2736,Yellow,1700,1111,2638,1682
aug_519.jpg,3648,2736,Red,2156,1144,2803,1929
aug_52.jpg,3648,2736,Red,2106,1252,3118,1905
aug_52.jpg,3648,2736,Green,1038,1549,2068,2235
aug_520.jpg,3648,2736,Blue,933,929,1721,1826
aug_520.jpg,3648,2736,Gray,1880,1873,2533,2702
aug_520.jpg,3648,2736,White,974,120,1665,847
aug_521.jpg,3648,2736,White,2147,2194,2592,2736
aug_521.jpg,3648,2736,Blue,1709,1264,2194,1985
aug_521.jpg,3648,2736,Gray,1183,114,1730,864
aug_522.jpg,3648,2736,Red,1391,1123,2268,1917
aug_523.jpg,3648,2736,Gray,1306,917,2180,1835
aug_524.jpg,3648,2736,Yellow,1224,1188,2356,1864
aug_524.jpg,3648,2736,Red,653,1767,1974,2544
aug_525.jpg,3648,2736,Red,1238,1247,1853,1629
aug_526.jpg,3648,2736,Blue,56,1385,1456,2282
aug_526.jpg,3648,2736,Gray,2250,1414,3115,2032
aug_526.jpg,3648,2736,Green,2786,1214,3256,1529
aug_527.jpg,3648,2736,Yellow,1456,876,2206,1997
aug_528.jpg,3648,2736,Yellow,1415,823,2338,1782
aug_529.jpg,3648,2736,Green,1074,1267,1762,1826
aug_529.jpg,3648,2736,Blue,1924,749,2606,1252
aug_53.jpg,3648,2736,Yellow,1253,1497,2900,2723
aug_530.jpg,3648,2736,Gray,1283,1041,2274,1611
aug_532.jpg,3648,2736,Yellow,988,894,1733,1461
aug_534.jpg,3648,2736,White,1133,1149,2415,2126
aug_535.jpg,3648,2736,Blue,1727,1138,2671,1902
aug_536.jpg,3648,2736,Red,1383,1099,2268,1920
aug_538.jpg,3648,2736,Red,471,1,1273,1211
aug_538.jpg,3648,2736,Yellow,1262,1085,2244,2099
aug_538.jpg,3648,2736,Green,2027,2008,2633,2736
aug_54.jpg,3648,2736,Green,1150,638,1833,1141
aug_540.jpg,3648,2736,Green,906,1447,2265,2605
aug_55.jpg,3648,2736,White,171,1002,774,1355
aug_55.jpg,3648,2736,Green,886,1014,1474,1347
aug_55.jpg,3648,2736,Yellow,1580,988,2165,1326
aug_55.jpg,3648,2736,Gray,2353,979,2921,1317
aug_56.jpg,3648,2736,Blue,1356,661,2474,1267
aug_57.jpg,3648,2736,Yellow,2068,614,2786,1558
aug_57.jpg,3648,2736,White,1268,1514,1959,2461
aug_58.jpg,3648,2736,Blue,1268,729,2238,1597
aug_59.jpg,3648,2736,Green,977,1705,2427,2376
aug_6.jpg,3648,2736,Yellow,1327,1023,2406,1723
aug_60.jpg,3648,2736,Red,1138,1573,1838,2326
aug_61.jpg,3648,2736,Yellow,1877,1308,2603,1961
aug_62.jpg,3648,2736,Red,680,664,1668,1561
aug_62.jpg,3648,2736,White,700,97,1636,832
aug_62.jpg,3648,2736,Gray,962,1614,2033,2599
aug_63.jpg,3648,2736,White,1153,735,1950,1176
aug_63.jpg,3648,2736,Blue,2430,935,3233,1270
aug_64.jpg,3648,2736,Blue,1494,1,1933,761
aug_64.jpg,3648,2736,White,1103,1205,1633,1985
aug_65.jpg,3648,2736,Yellow,1371,702,2506,1797
aug_66.jpg,3648,2736,Red,1780,1679,2553,2211
aug_67.jpg,3648,2736,Green,1056,794,1721,1176
aug_68.jpg,3648,2736,Red,1100,1679,1871,2217
aug_69.jpg,3648,2736,Gray,1324,432,2000,1173
aug_7.jpg,3648,2736,White,1165,1494,1912,2423
aug_7.jpg,3648,2736,Yellow,2080,705,2871,1649
aug_70.jpg,3648,2736,Blue,2274,1717,3212,2520
aug_70.jpg,3648,2736,Red,633,402,1459,1164
aug_71.jpg,3648,2736,Red,1612,508,2694,1320
aug_72.jpg,3648,2736,Green,1997,1317,2600,2070
aug_74.jpg,3648,2736,Green,559,773,1724,1447
aug_74.jpg,3648,2736,White,1800,752,2953,1411
aug_75.jpg,3648,2736,White,968,349,2088,1317
aug_75.jpg,3648,2736,Green,1991,1002,3103,2002
aug_76.jpg,3648,2736,Red,847,379,1541,1385
aug_76.jpg,3648,2736,Green,1244,1405,1918,2402
aug_77.jpg,3648,2736,Red,762,976,1953,1791
aug_77.jpg,3648,2736,Yellow,1915,732,3130,1499
aug_78.jpg,3648,2736,Yellow,1491,785,2106,1873
aug_79.jpg,3648,2736,White,580,594,1241,1088
aug_79.jpg,3648,2736,Blue,1518,1102,2144,1561
aug_79.jpg,3648,2736,Gray,2459,1594,3038,2064
aug_8.jpg,3648,2736,Red,974,758,1521,1399
aug_8.jpg,3648,2736,Blue,2277,1105,2915,1958
aug_80.jpg,3648,2736,Red,603,429,1715,1314
aug_80.jpg,3648,2736,White,1594,1485,2447,2641
aug_81.jpg,3648,2736,Red,130,1661,1415,2420
aug_81.jpg,3648,2736,Yellow,1474,1108,2568,1899
aug_81.jpg,3648,2736,Green,2580,838,3618,1664
aug_82.jpg,3648,2736,White,477,817,1206,1232
aug_82.jpg,3648,2736,Blue,1009,1405,1880,1988
aug_82.jpg,3648,2736,Gray,2303,1479,3147,2147
aug_83.jpg,3648,2736,White,1278,1,1694,355
aug_83.jpg,3648,2736,Green,1527,391,1956,997
aug_83.jpg,3648,2736,Yellow,1821,1029,2283,1647
aug_83.jpg,3648,2736,Gray,2138,1720,2597,2326
aug_84.jpg,3648,2736,Red,1441,1061,2280,1973
aug_85.jpg,3648,2736,Yellow,1333,1002,2412,1705
aug_86.jpg,3648,2736,Red,1283,949,1886,1488
aug_87.jpg,3648,2736,Green,491,1602,953,2020
aug_87.jpg,3648,2736,Gray,759,1641,1586,2399
aug_87.jpg,3648,2736,Blue,2315,823,3648,1970
aug_88.jpg,3648,2736,Yellow,1591,1320,2998,2736
aug_9.jpg,3648,2736,Yellow,1015,1270,1771,1879
aug_90.jpg,3648,2736,Yellow,1694,1638,2153,1873
aug_90.jpg,3648,2736,Green,1141,1570,1603,1791
aug_90.jpg,3648,2736,Gray,1156,1744,1636,1991
aug_90.jpg,3648,2736,Blue,1750,1858,2218,2088
aug_90.jpg,3648,2736,White,2236,1747,2653,1961
aug_90.jpg,3648,2736,Red,2297,1955,2741,2158
aug_92.jpg,3648,2736,Blue,988,847,1686,1755
aug_92.jpg,3648,2736,White,1144,2,1806,770
aug_92.jpg,3648,2736,Gray,1788,1935,2304,2736
aug_93.jpg,3648,2736,Blue,1274,535,1856,1220
aug_93.jpg,3648,2736,Green,1862,1347,2441,2029
aug_95.jpg,3648,2736,Yellow,1306,1052,2421,1738
aug_96.jpg,3648,2736,Green,1068,794,1718,1173
aug_97.jpg,3648,2736,Yellow,1621,691,2421,1520
aug_98.jpg,3648,2736,Blue,1209,1435,2197,2041
aug_99.jpg,3648,2736,Yellow,1459,94,2215,976
aug_99.jpg,3648,2736,White,388,1573,1115,2299
